[
  {
    "model": "sites.site",
    "pk": 1,
    "fields": {
      "domain": "level-up-eu.herokuapp.com",
      "name": "LevelUp"
    }
  },
  {
    "model": "socialaccount.socialapp",
    "pk": 1,
    "fields": {
      "provider": "facebook",
      "name": "Facebook",
      "client_id": "1002345393243744",
      "secret": "33b4bc0f78ed644dd08dfd96ea671e7a",
      "key": "",
      "sites": [
        1
      ]
    }
  },
  {
    "model": "socialaccount.socialapp",
    "pk": 2,
    "fields": {
      "provider": "google",
      "name": "Google",
      "client_id": "245364129880-53uqutp3uiu8qbfpjt9inroou30r0p2n.apps.googleusercontent.com",
      "secret": "O-MSYOS2w7aOvDDZEVsVIwNP",
      "key": "",
      "sites": [
        1
      ]
    }
  },
  {
    "model": "socialaccount.socialapp",
    "pk": 3,
    "fields": {
      "provider": "twitter",
      "name": "Twitter",
      "client_id": "yLAEnc4I4hPtlUsn0RXo5cU9k",
      "secret": "MsBLDGfxlau1O0AJmewYhxdDSluuOdi0C9srmwpzppTmw4K6pd",
      "key": "",
      "sites": [
        1
      ]
    }
  },


  {
    "model": "auth.user",
    "pk": 7777,
    "fields": {
      "password": "pbkdf2_sha256$30000$a6eIlibE3gcx$NV1getIY481McZQqMJbGqOtPAsD2T7HticoSET3Nr6M=",
      "last_login": "2017-02-18T18:31:28.654Z",
      "is_superuser": true,
      "username": "admin",
      "first_name": "Admin",
      "last_name": "",
      "email": "admin@mail.com",
      "is_staff": true,
      "is_active": true,
      "date_joined": "2017-01-10T14:04:25.422Z",
      "groups": [
        1
      ],
      "user_permissions": []
    }
  },
  {
    "model": "users.userprofile",
    "pk": 7777,
    "fields": {
      "user": 7777,
      "display_name": "Superuser",
      "profile_picture": null,
      "deactivated_until": null,
      "third_party_login": null,
      "url_slug": null,
      "website": null,
      "support_email": null
    }
  },
  {
    "model": "auth.user",
    "pk": 8001,
    "fields": {
      "password": "pbkdf2_sha256$30000$8NyAsH6IVmcC$qtIaThSSkP9rPas2Q4uIC26pCuECNlH6I65H2Nek9P4=",
      "last_login": null,
      "is_superuser": false,
      "username": "teddy@unreal-email.com",
      "first_name": "",
      "last_name": "",
      "email": "teddy@unreal-email.com",
      "is_staff": false,
      "is_active": true,
      "date_joined": "2017-01-10T14:04:25.422Z",
      "groups": [
        2
      ],
      "user_permissions": []
    }
  },
  {
    "model": "users.userprofile",
    "pk": 8001,
    "fields": {
      "user": 8001,
      "display_name": "Teddy",
      "profile_picture": "image/upload/v1487511738/gu54c8pepe58ahf0umtg.jpg",
      "deactivated_until": null,
      "third_party_login": null,
      "url_slug": null,
      "website": null,
      "support_email": null
    }
  },
  {
    "model": "auth.user",
    "pk": 8002,
    "fields": {
      "password": "pbkdf2_sha256$30000$CIX1MLYejgy1$ruLeX1MT1wV6cYt6cvUbB7ti4BNFKbUWik/XMPrLqF0=",
      "last_login": null,
      "is_superuser": false,
      "username": "abe@unreal-email.com",
      "first_name": "",
      "last_name": "",
      "email": "abe@unreal-email.com",
      "is_staff": false,
      "is_active": true,
      "date_joined": "2017-01-10T14:04:25.422Z",
      "groups": [
        2
      ],
      "user_permissions": []
    }
  },
  {
    "model": "users.userprofile",
    "pk": 8002,
    "fields": {
      "user": 8002,
      "display_name": "Abe",
      "profile_picture": "image/upload/v1487511882/xcbzkqds2hdsjktiaymy.jpg",
      "deactivated_until": null,
      "third_party_login": null,
      "url_slug": null,
      "website": null,
      "support_email": null
    }
  },
  {
    "model": "auth.user",
    "pk": 9001,
    "fields": {
      "password": "pbkdf2_sha256$30000$UIk9PZUNQBVA$ow6kTavN8Ub+QAt7V5joEJ5CpBL5otPNIDtINIDMxDY=",
      "last_login": null,
      "is_superuser": false,
      "username": "simosantala@me.com",
      "first_name": "",
      "last_name": "",
      "email": "simosantala@me.com",
      "is_staff": false,
      "is_active": true,
      "date_joined": "2017-01-10T14:04:25.422Z",
      "groups": [
        1
      ],
      "user_permissions": []
    }
  },
  {
    "model": "users.userprofile",
    "pk": 9001,
    "fields": {
      "user": 9001,
      "display_name": "LevelUp Official",
      "profile_picture": "image/upload/v1487512122/lhya9cr2mlghkjaoazew.png",
      "deactivated_until": null,
      "third_party_login": null,
      "url_slug": "lu",
      "website": "http://level-up-eu.herokuapp.com",
      "support_email": "level-up-support@unreal-email.com"
    }
  },
  {
    "model": "auth.user",
    "pk": 9002,
    "fields": {
      "password": "pbkdf2_sha256$30000$xdFXzmIxihWl$+jjojUeTDusoDqEih0WoicJX/BdXbxTS1iRi/lj9CHI=",
      "last_login": null,
      "is_superuser": false,
      "username": "simosantala@icloud.com",
      "first_name": "",
      "last_name": "",
      "email": "simosantala@icloud.com",
      "is_staff": false,
      "is_active": true,
      "date_joined": "2017-01-10T14:04:25.422Z",
      "groups": [
        1
      ],
      "user_permissions": []
    }
  },
  {
    "model": "users.userprofile",
    "pk": 9002,
    "fields": {
      "user": 9002,
      "display_name": "WSD Personnel",
      "profile_picture": "image/upload/v1487512465/hcgfdnwc0klpxw3cymac.png",
      "deactivated_until": null,
      "third_party_login": null,
      "url_slug": "wsd",
      "website": "http://aalto.fi",
      "support_email": "wsd-support@unreal-email.com"
    }
  },
  {
    "model": "games.game",
    "pk": 20001,
    "fields": {
      "name": "Tic Tac Toe",
      "slug": "tic-tac-toe",
      "dev": 9001,
      "url": "https://grader-host.cs.hut.fi/static/wsd/example_game.html",
      "icon": "image/upload/v1485195482/default/thug.jpg",
      "description": "You lost!",
      "price": 25.0,
      "is_public": true,
      "is_published": true,
      "date_added": "2017-01-16T20:22:51.261Z",
      "category": "action"
    }
  },
  {
    "model": "games.game",
    "pk": 20002,
    "fields": {
      "name": "Hard Tick",
      "slug": "hard-tick",
      "dev": 9001,
      "url": "https://grader-host.cs.hut.fi/static/wsd/example_game.html",
      "icon": "image/upload/v1485195482/default/thug.jpg",
      "description": "You lost!",
      "price": 29.0,
      "is_public": true,
      "is_published": true,
      "date_added": "2017-01-16T20:22:51.261Z",
      "category": "arcade"
    }
  },
  {
    "model": "games.game",
    "pk": 20003,
    "fields": {
      "name": "Super Tacky",
      "slug": "super-tacky",
      "dev": 9001,
      "url": "https://grader-host.cs.hut.fi/static/wsd/example_game.html",
      "icon": "image/upload/v1485195482/default/thug.jpg",
      "description": "You lost!",
      "price": 50.0,
      "is_public": true,
      "is_published": true,
      "date_added": "2017-01-16T20:22:51.261Z",
      "category": "sport"
    }
  },
  {
    "model": "games.game",
    "pk": 20004,
    "fields": {
      "name": "Silver Ticks",
      "slug": "silve-t",
      "dev": 9001,
      "url": "https://grader-host.cs.hut.fi/static/wsd/example_game.html",
      "icon": "image/upload/v1485195482/default/thug.jpg",
      "description": "You lost!",
      "price": 12.0,
      "is_public": true,
      "is_published": true,
      "date_added": "2017-01-16T20:22:51.261Z",
      "category": "action"
    }
  },
  {
    "model": "games.game",
    "pk": 20005,
    "fields": {
      "name": "Toe Tactics",
      "slug": "toe-tactics",
      "dev": 9001,
      "url": "https://grader-host.cs.hut.fi/static/wsd/example_game.html",
      "icon": "image/upload/v1485195482/default/thug.jpg",
      "description": "You lost!",
      "price": 22.0,
      "is_public": true,
      "is_published": true,
      "date_added": "2017-01-16T20:22:51.261Z",
      "category": "arcade"
    }
  },
  {
    "model": "games.game",
    "pk": 20006,
    "fields": {
      "name": "Toe-2-Toe",
      "slug": "t2t",
      "dev": 9001,
      "url": "https://grader-host.cs.hut.fi/static/wsd/example_game.html",
      "icon": "image/upload/v1485195482/default/thug.jpg",
      "description": "You lost!",
      "price": 2.0,
      "is_public": true,
      "is_published": true,
      "date_added": "2017-01-16T20:22:51.261Z",
      "category": "kids"
    }
  },
  {
    "model": "games.game",
    "pk": 20007,
    "fields": {
      "name": "Art of Ticking",
      "slug": "aot",
      "dev": 9001,
      "url": "https://grader-host.cs.hut.fi/static/wsd/example_game.html",
      "icon": "image/upload/v1485195482/default/thug.jpg",
      "description": "You lost!",
      "price": 39.0,
      "is_public": true,
      "is_published": true,
      "date_added": "2017-01-16T20:22:51.261Z",
      "category": "sport"
    }
  },
  {
    "model": "games.game",
    "pk": 20008,
    "fields": {
      "name": "Tick Tick 2: Tock in Business",
      "slug": "tt2",
      "dev": 9001,
      "url": "https://grader-host.cs.hut.fi/static/wsd/example_game.html",
      "icon": "image/upload/v1485195482/default/thug.jpg",
      "description": "You lost!",
      "price": 28.0,
      "is_public": true,
      "is_published": true,
      "date_added": "2017-01-16T20:22:51.261Z",
      "category": "rpg"
    }
  },
  {
    "model": "games.game",
    "pk": 20009,
    "fields": {
      "name": "Tick Tick: Original Saga",
      "slug": "tt1",
      "dev": 9001,
      "url": "https://grader-host.cs.hut.fi/static/wsd/example_game.html",
      "icon": "image/upload/v1485195482/default/thug.jpg",
      "description": "You lost!",
      "price": 28.0,
      "is_public": true,
      "is_published": true,
      "date_added": "2017-01-16T20:22:51.261Z",
      "category": "rpg"
    }
  },
  {
    "model": "games.game",
    "pk": 20010,
    "fields": {
      "name": "Simple Strategy",
      "slug": "simple-strategy",
      "dev": 9001,
      "url": "https://grader-host.cs.hut.fi/static/wsd/example_game.html",
      "icon": "image/upload/v1485195482/default/thug.jpg",
      "description": "You lost!",
      "price": 18.0,
      "is_public": true,
      "is_published": true,
      "date_added": "2017-01-16T20:22:51.261Z",
      "category": "strategy"
    }
  },
  {
    "model": "games.game",
    "pk": 20011,
    "fields": {
      "name": "Swedish Tick Hunter",
      "slug": "sthunter",
      "dev": 9001,
      "url": "https://grader-host.cs.hut.fi/static/wsd/example_game.html",
      "icon": "image/upload/v1485195482/default/thug.jpg",
      "description": "You lost!",
      "price": 1.5,
      "is_public": true,
      "is_published": true,
      "date_added": "2017-01-16T20:22:51.261Z",
      "category": "arcade"
    }
  },
  {
    "model": "games.game",
    "pk": 20012,
    "fields": {
      "name": "Ticking Spree",
      "slug": "ticks",
      "dev": 9001,
      "url": "https://grader-host.cs.hut.fi/static/wsd/example_game.html",
      "icon": "image/upload/v1485195482/default/thug.jpg",
      "description": "You lost!",
      "price": 98.0,
      "is_public": true,
      "is_published": true,
      "date_added": "2017-01-16T20:22:51.261Z",
      "category": "action"
    }
  },
  {
    "model": "games.game",
    "pk": 20013,
    "fields": {
      "name": "Ticks Willer",
      "slug": "ticks-willer",
      "dev": 9001,
      "url": "https://grader-host.cs.hut.fi/static/wsd/example_game.html",
      "icon": "image/upload/v1485195482/default/thug.jpg",
      "description": "You lost!",
      "price": 25.0,
      "is_public": true,
      "is_published": true,
      "date_added": "2017-01-16T20:22:51.261Z",
      "category": "action"
    }
  },
  {
    "model": "games.game",
    "pk": 20014,
    "fields": {
      "name": "Tick Wars: The Two Toes",
      "slug": "tw-ttt",
      "dev": 9001,
      "url": "https://grader-host.cs.hut.fi/static/wsd/example_game.html",
      "icon": "image/upload/v1485195482/default/thug.jpg",
      "description": "You lost!",
      "price": 199.0,
      "is_public": true,
      "is_published": true,
      "date_added": "2017-01-16T20:22:51.261Z",
      "category": "adventure"
    }
  },
  {
    "model": "games.game",
    "pk": 20015,
    "fields": {
      "name": "Tick Wars: The Sorcerer’s Toe",
      "slug": "tw-tst",
      "dev": 9001,
      "url": "https://grader-host.cs.hut.fi/static/wsd/example_game.html",
      "icon": "image/upload/v1485195482/default/thug.jpg",
      "description": "You lost!",
      "price": 299.0,
      "is_public": true,
      "is_published": true,
      "date_added": "2017-01-16T20:22:51.261Z",
      "category": "adventure"
    }
  },
  {
    "model": "games.game",
    "pk": 20016,
    "fields": {
      "name": "Super Mario Toes: The Revenge of the Board",
      "slug": "mario-t",
      "dev": 9001,
      "url": "https://grader-host.cs.hut.fi/static/wsd/example_game.html",
      "icon": "image/upload/v1485195482/default/thug.jpg",
      "description": "You lost!",
      "price": 49.0,
      "is_public": true,
      "is_published": true,
      "date_added": "2017-01-16T20:22:51.261Z",
      "category": "kids"
    }
  },
  {
    "model": "games.game",
    "pk": 10001,
    "fields": {
      "name": "Example Game",
      "slug": "x-game",
      "dev": 9002,
      "url": "https://grader-host.cs.hut.fi/static/wsd/example_game.html",
      "icon": "image/upload/v1485195482/default/thug.jpg",
      "description": "You lost!",
      "price": 15.0,
      "is_public": true,
      "is_published": true,
      "date_added": "2017-01-16T20:22:51.261Z",
      "category": "action"
    }
  },
  {
    "model": "games.game",
    "pk": 10002,
    "fields": {
      "name": "Hard Play",
      "slug": "hp",
      "dev": 9002,
      "url": "https://grader-host.cs.hut.fi/static/wsd/example_game.html",
      "icon": "image/upload/v1485195482/default/thug.jpg",
      "description": "You lost!",
      "price": 19.0,
      "is_public": true,
      "is_published": true,
      "date_added": "2017-01-16T20:22:51.261Z",
      "category": "adventure"
    }
  },
  {
    "model": "games.game",
    "pk": 10003,
    "fields": {
      "name": "Super Rally",
      "slug": "super-rally",
      "dev": 9002,
      "url": "https://grader-host.cs.hut.fi/static/wsd/example_game.html",
      "icon": "image/upload/v1485195482/default/thug.jpg",
      "description": "You lost!",
      "price": 5.0,
      "is_public": true,
      "is_published": true,
      "date_added": "2017-01-16T20:22:51.261Z",
      "category": "sport"
    }
  },
  {
    "model": "games.game",
    "pk": 10004,
    "fields": {
      "name": "Silver Bullet",
      "slug": "sb",
      "dev": 9002,
      "url": "https://grader-host.cs.hut.fi/static/wsd/example_game.html",
      "icon": "image/upload/v1485195482/default/thug.jpg",
      "description": "You lost!",
      "price": 10.0,
      "is_public": true,
      "is_published": true,
      "date_added": "2017-01-16T20:22:51.261Z",
      "category": "action"
    }
  },
  {
    "model": "games.game",
    "pk": 10005,
    "fields": {
      "name": "Coin Tosser",
      "slug": "coin-tosser",
      "dev": 9002,
      "url": "https://grader-host.cs.hut.fi/static/wsd/example_game.html",
      "icon": "image/upload/v1485195482/default/thug.jpg",
      "description": "You lost!",
      "price": 2.0,
      "is_public": true,
      "is_published": true,
      "date_added": "2017-01-16T20:22:51.261Z",
      "category": "arcade"
    }
  },
  {
    "model": "games.game",
    "pk": 10006,
    "fields": {
      "name": "Play Home",
      "slug": "play-home",
      "dev": 9002,
      "url": "https://grader-host.cs.hut.fi/static/wsd/example_game.html",
      "icon": "image/upload/v1485195482/default/thug.jpg",
      "description": "You lost!",
      "price": 12.0,
      "is_public": true,
      "is_published": true,
      "date_added": "2017-01-16T20:22:51.261Z",
      "category": "kids"
    }
  },
  {
    "model": "games.game",
    "pk": 10007,
    "fields": {
      "name": "World of Witchcraft",
      "slug": "wow",
      "dev": 9002,
      "url": "https://grader-host.cs.hut.fi/static/wsd/example_game.html",
      "icon": "image/upload/v1485195482/default/thug.jpg",
      "description": "You lost!",
      "price": 59.0,
      "is_public": true,
      "is_published": true,
      "date_added": "2017-01-16T20:22:51.261Z",
      "category": "rpg"
    }
  },
  {
    "model": "games.game",
    "pk": 10008,
    "fields": {
      "name": "Sing-a-Long",
      "slug": "s-a-l",
      "dev": 9002,
      "url": "https://grader-host.cs.hut.fi/static/wsd/example_game.html",
      "icon": "image/upload/v1485195482/default/thug.jpg",
      "description": "You lost!",
      "price": 29.0,
      "is_public": true,
      "is_published": true,
      "date_added": "2017-01-16T20:22:51.261Z",
      "category": "kids"
    }
  },
  {
    "model": "games.game",
    "pk": 10009,
    "fields": {
      "name": "World of Witchcraft: Battle of the Lair",
      "slug": "wow-2",
      "dev": 9002,
      "url": "https://grader-host.cs.hut.fi/static/wsd/example_game.html",
      "icon": "image/upload/v1485195482/default/thug.jpg",
      "description": "You lost!",
      "price": 59.0,
      "is_public": true,
      "is_published": true,
      "date_added": "2017-01-16T20:22:51.261Z",
      "category": "rpg"
    }
  },
  {
    "model": "games.game",
    "pk": 10010,
    "fields": {
      "name": "Simple Warfare",
      "slug": "simple-warfare",
      "dev": 9002,
      "url": "https://grader-host.cs.hut.fi/static/wsd/example_game.html",
      "icon": "image/upload/v1485195482/default/thug.jpg",
      "description": "You lost!",
      "price": 20.0,
      "is_public": true,
      "is_published": true,
      "date_added": "2017-01-16T20:22:51.261Z",
      "category": "strategy"
    }
  },
  {
    "model": "games.game",
    "pk": 10011,
    "fields": {
      "name": "Swiss Duck Hunter",
      "slug": "sdhunter",
      "dev": 9002,
      "url": "https://grader-host.cs.hut.fi/static/wsd/example_game.html",
      "icon": "image/upload/v1485195482/default/thug.jpg",
      "description": "You lost!",
      "price": 2.0,
      "is_public": true,
      "is_published": true,
      "date_added": "2017-01-16T20:22:51.261Z",
      "category": "arcade"
    }
  },
  {
    "model": "games.game",
    "pk": 10012,
    "fields": {
      "name": "Killing Spree",
      "slug": "kills",
      "dev": 9002,
      "url": "https://grader-host.cs.hut.fi/static/wsd/example_game.html",
      "icon": "image/upload/v1485195482/default/thug.jpg",
      "description": "You lost!",
      "price": 99.0,
      "is_public": true,
      "is_published": true,
      "date_added": "2017-01-16T20:22:51.261Z",
      "category": "action"
    }
  },
  {
    "model": "games.game",
    "pk": 10013,
    "fields": {
      "name": "Tex Willer",
      "slug": "tex-willer",
      "dev": 9002,
      "url": "https://grader-host.cs.hut.fi/static/wsd/example_game.html",
      "icon": "image/upload/v1485195482/default/thug.jpg",
      "description": "You lost!",
      "price": 35.0,
      "is_public": true,
      "is_published": true,
      "date_added": "2017-01-16T20:22:51.261Z",
      "category": "action"
    }
  },
  {
    "model": "games.game",
    "pk": 10014,
    "fields": {
      "name": "Star Wars: The Two Towers",
      "slug": "sw-ttt",
      "dev": 9002,
      "url": "https://grader-host.cs.hut.fi/static/wsd/example_game.html",
      "icon": "image/upload/v1485195482/default/thug.jpg",
      "description": "You lost!",
      "price": 99.0,
      "is_public": true,
      "is_published": true,
      "date_added": "2017-01-16T20:22:51.261Z",
      "category": "adventure"
    }
  },
  {
    "model": "games.game",
    "pk": 10015,
    "fields": {
      "name": "Star Wars: The Sorcerer’s Stone",
      "slug": "sw-tss",
      "dev": 9002,
      "url": "https://grader-host.cs.hut.fi/static/wsd/example_game.html",
      "icon": "image/upload/v1485195482/default/thug.jpg",
      "description": "You lost!",
      "price": 99.0,
      "is_public": true,
      "is_published": true,
      "date_added": "2017-01-16T20:22:51.261Z",
      "category": "adventure"
    }
  },
  {
    "model": "games.game",
    "pk": 10016,
    "fields": {
      "name": "Super Mario Bros: The Revenge of the Pizza",
      "slug": "mario-b",
      "dev": 9002,
      "url": "https://grader-host.cs.hut.fi/static/wsd/example_game.html",
      "icon": "image/upload/v1485195482/default/thug.jpg",
      "description": "You lost!",
      "price": 49.0,
      "is_public": true,
      "is_published": true,
      "date_added": "2017-01-16T20:22:51.261Z",
      "category": "kids"
    }
  },
  {
    "model": "transactions.transaction",
    "pk": 5001,
    "fields": {
      "user": 8001,
      "game": 10002,
      "datetime": "2017-01-23T13:30:51.183Z",
      "amount": 40.0,
      "status": "success",
      "payment_ref": 30001
    }
  },
  {
    "model": "transactions.transaction",
    "pk": 5002,
    "fields": {
      "user": 8001,
      "game": 20001,
      "datetime": "2017-01-23T13:30:51.183Z",
      "amount": 23.0,
      "status": "success",
      "payment_ref": 30002
    }
  },
  {
    "model": "transactions.transaction",
    "pk": 5003,
    "fields": {
      "user": 8002,
      "game": 10001,
      "datetime": "2017-01-23T13:30:51.183Z",
      "amount": 52.0,
      "status": "success",
      "payment_ref": 30003
    }
  },
  {
    "model": "transactions.transaction",
    "pk": 5004,
    "fields": {
      "user": 8002,
      "game": 20012,
      "datetime": "2017-01-23T13:30:51.183Z",
      "amount": 33.0,
      "status": "success",
      "payment_ref": 30004
    }
  },
  {
    "model": "transactions.transaction",
    "pk": 5005,
    "fields": {
      "user": 9001,
      "game": 10009,
      "datetime": "2017-01-24T13:30:51.183Z",
      "amount": 52.0,
      "status": "success",
      "payment_ref": 30005
    }
  },
  {
    "model": "transactions.transaction",
    "pk": 5006,
    "fields": {
      "user": 9001,
      "game": 10012,
      "datetime": "2017-01-24T13:30:51.183Z",
      "amount": 45.0,
      "status": "success",
      "payment_ref": 30006
    }
  },
  {
    "model": "transactions.transaction",
    "pk": 5007,
    "fields": {
      "user": 9002,
      "game": 10001,
      "datetime": "2017-01-24T13:30:51.183Z",
      "amount": 27.0,
      "status": "success",
      "payment_ref": 30007
    }
  },
  {
    "model": "transactions.transaction",
    "pk": 5008,
    "fields": {
      "user": 9002,
      "game": 20012,
      "datetime": "2017-01-25T13:30:51.183Z",
      "amount": 34.0,
      "status": "success",
      "payment_ref": 30008
    }
  },
  {
    "model": "transactions.transaction",
    "pk": 5009,
    "fields": {
      "user": 8001,
      "game": 10003,
      "datetime": "2017-01-26T13:30:51.183Z",
      "amount": 2.0,
      "status": "success",
      "payment_ref": 30009
    }
  },
  {
    "model": "transactions.transaction",
    "pk": 5010,
    "fields": {
      "user": 8001,
      "game": 20002,
      "datetime": "2017-01-26T13:30:51.183Z",
      "amount": 43.0,
      "status": "success",
      "payment_ref": 30010
    }
  },
  {
    "model": "transactions.transaction",
    "pk": 5011,
    "fields": {
      "user": 8002,
      "game": 10011,
      "datetime": "2017-01-27T13:30:51.183Z",
      "amount": 25.0,
      "status": "success",
      "payment_ref": 30011
    }
  },
  {
    "model": "transactions.transaction",
    "pk": 5012,
    "fields": {
      "user": 8002,
      "game": 20011,
      "datetime": "2017-01-27T13:30:51.183Z",
      "amount": 33.0,
      "status": "success",
      "payment_ref": 30012
    }
  },
  {
    "model": "transactions.transaction",
    "pk": 5013,
    "fields": {
      "user": 9001,
      "game": 10008,
      "datetime": "2017-01-29T13:30:51.183Z",
      "amount": 22.0,
      "status": "success",
      "payment_ref": 30013
    }
  },
  {
    "model": "transactions.transaction",
    "pk": 5014,
    "fields": {
      "user": 9001,
      "game": 10007,
      "datetime": "2017-01-29T13:30:51.183Z",
      "amount": 45.0,
      "status": "success",
      "payment_ref": 30014
    }
  },
  {
    "model": "transactions.transaction",
    "pk": 5015,
    "fields": {
      "user": 9002,
      "game": 10003,
      "datetime": "2017-01-30T13:30:51.183Z",
      "amount": 7.0,
      "status": "success",
      "payment_ref": 30015
    }
  },
  {
    "model": "transactions.transaction",
    "pk": 5016,
    "fields": {
      "user": 9002,
      "game": 20003,
      "datetime": "2017-01-30T13:30:51.183Z",
      "amount": 3.0,
      "status": "success",
      "payment_ref": 30016
    }
  },
  {
    "model": "games.gamescore",
    "pk": 5001,
    "fields": {
      "player": 8001,
      "game": 10002,
      "timestamp": "2017-02-10T21:22:02.072Z",
      "score": 20
    }
  },
  {
    "model": "games.gamescore",
    "pk": 5002,
    "fields": {
      "player": 8001,
      "game": 10002,
      "timestamp": "2017-02-10T21:22:02.072Z",
      "score": 30
    }
  },
  {
    "model": "games.gamescore",
    "pk": 5003,
    "fields": {
      "player": 8001,
      "game": 10002,
      "timestamp": "2017-02-10T21:22:02.072Z",
      "score": 10
    }
  },
  {
    "model": "games.gamescore",
    "pk": 5004,
    "fields": {
      "player": 8001,
      "game": 10003,
      "timestamp": "2017-02-10T21:22:02.072Z",
      "score": 20
    }
  },
  {
    "model": "games.gamescore",
    "pk": 5005,
    "fields": {
      "player": 8001,
      "game": 10003,
      "timestamp": "2017-02-10T21:22:02.072Z",
      "score": 30
    }
  },
  {
    "model": "games.gamescore",
    "pk": 5006,
    "fields": {
      "player": 8001,
      "game": 10003,
      "timestamp": "2017-02-10T21:22:02.072Z",
      "score": 10
    }
  },
  {
    "model": "games.gamescore",
    "pk": 5007,
    "fields": {
      "player": 8001,
      "game": 20002,
      "timestamp": "2017-02-10T21:22:02.072Z",
      "score": 20
    }
  },
  {
    "model": "games.gamescore",
    "pk": 5008,
    "fields": {
      "player": 8001,
      "game": 20002,
      "timestamp": "2017-02-10T21:22:02.072Z",
      "score": 30
    }
  },
  {
    "model": "games.gamescore",
    "pk": 5009,
    "fields": {
      "player": 8001,
      "game": 20002,
      "timestamp": "2017-02-10T21:22:02.072Z",
      "score": 10
    }
  },
  {
    "model": "games.gamescore",
    "pk": 5010,
    "fields": {
      "player": 8002,
      "game": 10001,
      "timestamp": "2017-02-10T21:22:02.072Z",
      "score": 20
    }
  },
  {
    "model": "games.gamescore",
    "pk": 5011,
    "fields": {
      "player": 8002,
      "game": 10001,
      "timestamp": "2017-02-10T21:22:02.072Z",
      "score": 30
    }
  },
  {
    "model": "games.gamescore",
    "pk": 5012,
    "fields": {
      "player": 8002,
      "game": 10001,
      "timestamp": "2017-02-10T21:22:02.072Z",
      "score": 10
    }
  },
  {
    "model": "games.gamescore",
    "pk": 5013,
    "fields": {
      "player": 8002,
      "game": 20011,
      "timestamp": "2017-02-10T21:22:02.072Z",
      "score": 45
    }
  },
  {
    "model": "games.gamescore",
    "pk": 5014,
    "fields": {
      "player": 8002,
      "game": 20011,
      "timestamp": "2017-02-10T21:22:02.072Z",
      "score": 70
    }
  },
  {
    "model": "games.gamescore",
    "pk": 5015,
    "fields": {
      "player": 8002,
      "game": 20011,
      "timestamp": "2017-02-10T21:22:02.072Z",
      "score": 40
    }
  },
  {
    "model": "games.gamescore",
    "pk": 5016,
    "fields": {
      "player": 9001,
      "game": 10009,
      "timestamp": "2017-02-10T21:22:02.072Z",
      "score": 20
    }
  },
  {
    "model": "games.gamescore",
    "pk": 5017,
    "fields": {
      "player": 9001,
      "game": 10012,
      "timestamp": "2017-02-10T21:22:02.072Z",
      "score": 30
    }
  },
  {
    "model": "games.gamescore",
    "pk": 5018,
    "fields": {
      "player": 9001,
      "game": 10007,
      "timestamp": "2017-02-10T21:22:02.072Z",
      "score": 10
    }
  },
  {
    "model": "games.gamescore",
    "pk": 5019,
    "fields": {
      "player": 9002,
      "game": 10001,
      "timestamp": "2017-02-10T21:22:02.072Z",
      "score": 90
    }
  },
  {
    "model": "games.gamescore",
    "pk": 5020,
    "fields": {
      "player": 9002,
      "game": 10002,
      "timestamp": "2017-02-10T21:22:02.072Z",
      "score": 50
    }
  },
  {
    "model": "games.gamescore",
    "pk": 5021,
    "fields": {
      "player": 9002,
      "game": 20003,
      "timestamp": "2017-02-10T21:22:02.072Z",
      "score": 60
    }
  }
]